date,tag,asset,asset_id,count
2026-10-02 14:07,autocrop,autocrop,605626630,0
2026-10-02 14:07,autocrop,autocrop-legacy,605629687,0
2026-10-02 14:07,autocrop,autocrop.exe,605624431,0
2026-10-02 14:07,polygon,polygon,605625262,0
2026-10-02 14:07,polygon,polygon-legacy,605627530,0
2026-10-02 14:07,polygon,polygon.exe,605623617,0
2026-10-02 14:07,lmoToXY,lmoToXY,605625079,0
2026-10-02 14:07,lmoToXY,lmoToXY-legacy,605627140,0
2026-10-02 14:07,lmoToXY,lmoToXY.exe,605624183,0
2026-10-02 14:07,histogram_for_reg,histogram_for_reg,605626310,0
2026-10-02 14:07,histogram_for_reg,histogram_for_reg-legacy,605629196,0
2026-10-02 14:07,histogram_for_reg,histogram_for_reg.exe,605623959,0
2026-10-02 14:07,gPad,gPad,585988080,1
2026-10-02 14:07,gPad,gPad.exe,585988082,1
2026-10-02 14:07,gPad,Setup_gPad_v1.5.61.exe,585988083,1
2026-10-02 14:07,ListQC,ListQC.exe,586128126,3
2026-10-02 22:19,autocrop,autocrop.exe,605624431,1
2026-10-04 21:36,autocrop,autocrop,610014295,0
2026-10-04 21:36,autocrop,autocrop-legacy,610034325,0
2026-10-04 21:36,autocrop,autocrop.exe,609992662,0
2026-10-04 21:36,polygon,polygon,610004009,0
2026-10-04 21:36,polygon,polygon-legacy,610024633,0
2026-10-04 21:36,polygon,polygon.exe,609992013,0
2026-10-04 21:36,lmoToXY,lmoToXY,609995259,0
2026-10-04 21:36,lmoToXY,lmoToXY-legacy,610016577,0
2026-10-04 21:36,lmoToXY,lmoToXY.exe,609992542,0
2026-10-04 21:36,histogram_for_reg,histogram_for_reg,610008652,0
2026-10-04 21:36,histogram_for_reg,histogram_for_reg-legacy,610028671,0
2026-10-04 21:36,histogram_for_reg,histogram_for_reg.exe,609992362,0
2026-10-05 14:53,autocrop,autocrop,612481155,0
2026-10-05 14:53,autocrop,autocrop-legacy,612482142,0
2026-10-05 14:53,autocrop,autocrop.exe,612480194,0
2026-10-05 14:53,polygon,polygon,612479810,0
2026-10-05 14:53,polygon,polygon-legacy,612480785,0
2026-10-05 14:53,polygon,polygon.exe,612479235,0
2026-10-05 14:53,lmoToXY,lmoToXY,612479373,0
2026-10-05 14:53,lmoToXY,lmoToXY-legacy,612479493,0
2026-10-05 14:53,lmoToXY,lmoToXY.exe,612479979,0
2026-10-05 14:53,histogram_for_reg,histogram_for_reg,612480543,0
2026-10-05 14:53,histogram_for_reg,histogram_for_reg-legacy,612481416,0
2026-10-05 14:53,histogram_for_reg,histogram_for_reg.exe,612479639,0
2026-10-10 12:41,histogram_for_reg,histogram_for_reg,627615124,0
2026-10-10 12:41,histogram_for_reg,histogram_for_reg-legacy,627615859,0
2026-10-10 12:41,histogram_for_reg,histogram_for_reg.exe,627614397,0
